cluster,last_train,last_diff
0,3.828438575448238,0.45824833519770936
1,4.9379662977524665,-0.05660076825576166
2,5.025992728973804,-0.0680922627359486
3,5.540152145445879,-0.0412099397604857
