,cluster,last_train,last_diff
0,0,4.106882514725095,-0.1500803774720305
1,1,4.468705406026726,0.17828160747158517
2,2,3.2323575522607078,0.38907838768297287
3,3,3.51180545763877,0.24191495499183358
